{
  "timestamp": "2025-08-09T07:49:58.498297",
  "total_time": 15.577844381332397,
  "successful_tests": 3,
  "total_tests": 5,
  "success_rate": 85.71428571428571,
  "results": {
    "Critical Components": true,
    "Recording Workflow": {
      "recording_time": 1.060401201248169,
      "transcription_time": 1.140068769454956,
      "feedback_time": 1.6626794338226318,
      "total_time": 3.863149404525757,
      "success": true
    },
    "Guest Research": [
      {
        "guest": "Tech Expert",
        "research_time": 2.3402187824249268,
        "success": true
      },
      {
        "guest": "Business Leader",
        "research_time": 2.476454019546509,
        "success": true
      },
      {
        "guest": "Podcast Host",
        "research_time": 2.499222755432129,
        "success": true
      }
    ],
    "Concurrent Operations": {
      "total_time": 4.241387605667114,
      "successful": 2,
      "total": 3,
      "success": false
    },
    "Error Handling": {
      "handled": 3,
      "total": 3,
      "success": true
    }
  }
}