{
  "timestamp": "2025-08-07T22:49:52.454468",
  "total_time": 22.042701482772827,
  "successful_tests": 3,
  "total_tests": 5,
  "success_rate": 85.71428571428571,
  "results": {
    "Critical Components": true,
    "Recording Workflow": {
      "recording_time": 1.1451501846313477,
      "transcription_time": 2.540766716003418,
      "feedback_time": 1.993173360824585,
      "total_time": 5.679090261459351,
      "success": true
    },
    "Guest Research": [
      {
        "guest": "Tech Expert",
        "research_time": 4.669259548187256,
        "success": true
      },
      {
        "guest": "Business Leader",
        "research_time": 4.243108749389648,
        "success": true
      },
      {
        "guest": "Podcast Host",
        "research_time": 3.822584390640259,
        "success": true
      }
    ],
    "Concurrent Operations": {
      "total_time": 3.4706451892852783,
      "successful": 2,
      "total": 3,
      "success": false
    },
    "Error Handling": {
      "handled": 3,
      "total": 3,
      "success": true
    }
  }
}