{
  "timestamp": "2025-08-09T08:46:11.779704",
  "total_time": 108.78954362869263,
  "successful_tests": 3,
  "total_tests": 5,
  "success_rate": 85.71428571428571,
  "results": {
    "Critical Components": true,
    "Recording Workflow": {
      "recording_time": 1.0593256950378418,
      "transcription_time": 1.9063827991485596,
      "feedback_time": 1.646129846572876,
      "total_time": 4.611838340759277,
      "success": true
    },
    "Guest Research": [
      {
        "guest": "Tech Expert",
        "research_time": 3.812889814376831,
        "success": true
      },
      {
        "guest": "Business Leader",
        "research_time": 3.2299866676330566,
        "success": true
      },
      {
        "guest": "Podcast Host",
        "research_time": 94.10535478591919,
        "success": true
      }
    ],
    "Concurrent Operations": {
      "total_time": 2.8657660484313965,
      "successful": 2,
      "total": 3,
      "success": false
    },
    "Error Handling": {
      "handled": 3,
      "total": 3,
      "success": true
    }
  }
}